{
	"markdown.preview.title": "Abrir vista previa",
	"markdown.previewSide.title": "Abrir vista previa en el lateral",
	"markdown.showSource.title": "Mostrar origen",
	"markdown.styles.dec": "Una lista de direcciones URL o rutas de acceso locales a hojas de estilo CSS que utilizar desde la vista previa del descuento. Las tutas de acceso relativas se interpretan en relación con la carpeta abierta en el explorador. Si no hay ninguna carpeta abierta, se interpretan en relación con la ubicación del archivo del descuento. Todos los '' deben escribirse como '\\'.",
	"markdown.previewFrontMatter.dec": "Establece cómo se debe representar el asunto de la parte delantera de YAML en la vista previa del descuento. 'hide' quita el asunto de la parte delantera. De lo contrario, el asunto de la parte delantera se trata como contenido del descuento.",
	"markdown.preview.fontFamily.desc": "Controla la familia de la fuente utilizada en la previsualización del descuento.",
	"markdown.preview.fontSize.desc": "Controla el tamaño de la fuente en píxeles utilizado en la previsualización del descuento.",
	"markdown.preview.lineHeight.desc": "Controla la altura de línea utilizada en la previsualización del descuento. Este número es relativo al tamaño de la fuente."
}