{
	"markdown.preview.title": "プレビューを開く",
	"markdown.previewSide.title": "プレビューを横に表示",
	"markdown.showSource.title": "ソースの表示",
	"markdown.styles.dec": "マークダウン プレビューから使用する CSS スタイル シートの URL またはローカル パスの一覧。相対パスは、エクスプローラーで開かれているフォルダーへの絶対パスと解釈されます。開かれているフォルダーがない場合、マークダウン ファイルの場所を基準としていると解釈されます。'' はすべて '\\' と入力する必要があります。",
	"markdown.previewFrontMatter.dec": "マークダウン プレビューで YAML front matter がレンダリングされる方法を設定します。'hide' の場合、front matter が削除されます。その他の場合には、front matter はマークダウン コンテンツとして処理されます。",
	"markdown.preview.fontFamily.desc": "マークダウン プレビューで使用されるフォント ファミリを制御します。",
	"markdown.preview.fontSize.desc": "マークダウン プレビューで使用されるフォント サイズ (ピクセル単位) を制御します。",
	"markdown.preview.lineHeight.desc": "マークダウン プレビューで使用される行の高さを制御します。この数値はフォント サイズを基準とします。"
}