{
	"extension.description": "Extensión del depurador de Visual Studio Code para Node.js.",
	"node.label": "Node.js",
	"smartStep.description": "Automatically step through generated code that cannot be mapped back to the original source.",
	"skipFiles.description": "An array of glob patterns for files to skip when debugging.",
	"outFiles.description": "If source maps are enabled, these glob patterns specify the generated JavaScript files. If a pattern starts with '!' the files are excluded. If not specified, the generated code is expected in the same directory as its source.",
	"outDir.deprecationMessage": "Attribute 'outDir' is deprecated, use 'outFiles' instead.",
	"launch.args.description": "Command line arguments passed to the program.",
	"node.sourceMaps.description": "Se usan los mapas de origen de JavaScript (si existen).",
	"node.stopOnEntry.description": "El programa se detiene automáticamente tras el inicio.",
	"node.port.description": "Puerto de depuración al que se va a conectar. El valor predeterminado es 5858.",
	"node.address.description": "Dirección TCP/IP del puerto de depuración (solo para Node.js 5.0 o una versión posterior). El valor predeterminado es 'localhost'.",
	"node.timeout.description": "Vuelva a probar con este número de milisegundos para conectarse a Node.js. El valor predeterminado es 10 000 ms.",
	"node.launch.program.description": "Ruta de acceso absoluta al programa. El valor generado se infiere de package.json y de los archivos abiertos. Edite este atributo.",
	"node.launch.externalConsole.deprecationMessage": "El atributo \"externalConsole\" está en desuso, use \"console\" en su lugar.",
	"node.launch.console.description": "Lugar donde debe iniciarse el destino de depuración: consola interna, terminal integrado o terminal externo.",
	"node.launch.cwd.description": "Ruta de acceso absoluta al directorio de trabajo del programa que se está depurando.",
	"node.launch.runtimeExecutable.description": "Entorno de ejecución que se va a usar. Puede ser una ruta de acceso absoluta o el nombre de un entorno de ejecución disponible en PATH. Si se omite, se asume que es \"node\".",
	"node.launch.runtimeArgs.description": "Argumentos opcionales pasados al ejecutable del entorno de ejecución.",
	"node.launch.env.description": "Variables de entorno pasadas al programa.",
	"node.launch.envFile.description": "Ruta de acceso absoluta a un archivo que contiene definiciones de variables de entorno.",
	"node.launch.config.name": "Iniciar",
	"node.attach.processId.description": "Id. de proceso para asociar.",
	"node.attach.restart.description": "Reinicie la sesión cuando Node.js haya terminado.",
	"node.attach.localRoot.description": "Raíz de origen local que corresponde a \"remoteRoot\".",
	"node.attach.remoteRoot.description": "Raíz de origen del host remoto.",
	"node.attach.config.name": "Asociar",
	"node.processattach.config.name": "Asociar al proceso",
	"node.snippet.launch.label": "Node.js: Configuración de inicio",
	"node.snippet.launch.description": "Nueva configuración para iniciar un programa de nodo.",
	"node.snippet.attach.label": "Node.js: Configuración de asociación",
	"node.snippet.attach.description": "Nueva configuración para asociar a un programa de nodo en ejecución.",
	"extensionHost.label": "Desarrollo de extensiones de VS Code",
	"extensionHost.launch.runtimeExecutable.description": "Ruta de acceso absoluta a VS Code.",
	"extensionHost.launch.stopOnEntry.description": "El host de extensiones se detiene automáticamente tras el inicio.",
	"extensionHost.launch.sourceMaps.description": "Se usan los mapas de origen de JavaScript.",
	"extensionHost.launch.config.name": "Extensión de inicio"
}