{
	"extension.description": "Visual Studio-Codedebuggererweiterung für Node.js",
	"node.label": "Node.js",
	"smartStep.description": "Automatically step through generated code that cannot be mapped back to the original source.",
	"skipFiles.description": "An array of glob patterns for files to skip when debugging.",
	"outFiles.description": "If source maps are enabled, these glob patterns specify the generated JavaScript files. If a pattern starts with '!' the files are excluded. If not specified, the generated code is expected in the same directory as its source.",
	"outDir.deprecationMessage": "Attribute 'outDir' is deprecated, use 'outFiles' instead.",
	"launch.args.description": "Command line arguments passed to the program.",
	"node.sourceMaps.description": "Verwendet JavaScript-Quellzuordnungen (wenn vorhanden).",
	"node.stopOnEntry.description": "Beendet das Programm nach dem Start automatisch.",
	"node.port.description": "Der Debugport zum Anfügen. Der Standardwert ist 5858.",
	"node.address.description": "Die TCP/IP-Adresse des Debugports (nur für Node.js >= 5.0). Der Standardwert ist \"localhost\".",
	"node.timeout.description": "Führt für diese Anzahl von Millisekunden Wiederholungsversuche aus, um eine Verbindung mit Node.js herzustellen. Der Standardwert sind 10.000 Millisekunden.",
	"node.launch.program.description": "Der absolute Pfad zum Programm. Der generierte Wert wird anhand von \"package.json\" und geöffneter Dateien geschätzt. Bearbeiten Sie dieses Attribut.",
	"node.launch.externalConsole.deprecationMessage": "Das Attribut \"externalConsole\" ist veraltet. Verwenden Sie stattdessen \"console\".",
	"node.launch.console.description": "Startort des Debugziels: interne Konsole, integriertes Terminal oder externes Terminal.",
	"node.launch.cwd.description": "Der absolute Pfad zum Arbeitsverzeichnis des Programms, das debuggt wird.",
	"node.launch.runtimeExecutable.description": "Die zu verwendende Laufzeit. Ein absoluter Pfad oder der Name einer in PATH verfügbaren Laufzeit. Wenn keine Angabe erfolgt, wird \"node\" angenommen.",
	"node.launch.runtimeArgs.description": "Optionale Argumente, die an die ausführbare Laufzeitdatei übergeben werden.",
	"node.launch.env.description": "Umgebungsvariablen, die an das Programm übergeben werden.",
	"node.launch.envFile.description": "Absoluter Pfad zu einer Datei mit Definitionen für Umgebungsvariablen.",
	"node.launch.config.name": "Starten",
	"node.attach.processId.description": "Die ID des Prozesses, an den die Anfügung erfolgen soll.",
	"node.attach.restart.description": "Startet die Sitzung neu, nachdem Node.js beendet wurde.",
	"node.attach.localRoot.description": "Der lokale Quellstamm, der dem \"remoteRoot\" entspricht.",
	"node.attach.remoteRoot.description": "Der Quellstamm des Remotehosts.",
	"node.attach.config.name": "Anfügen",
	"node.processattach.config.name": "An den Prozess anhängen",
	"node.snippet.launch.label": "Node.js: Startkonfiguration",
	"node.snippet.launch.description": "Eine neue Konfiguration für das Starten eines Node-Programms",
	"node.snippet.attach.label": "Node.js: Konfiguration für Anfügevorgang",
	"node.snippet.attach.description": "Eine neue Konfiguration für das Anfügen an ein ausgeführtes Node-Programm",
	"extensionHost.label": "VSCode-Erweiterungsentwicklung",
	"extensionHost.launch.runtimeExecutable.description": "Der absolute Pfad zu VS Code.",
	"extensionHost.launch.stopOnEntry.description": "Beendet den Erweiterungshost nach dem Start automatisch.",
	"extensionHost.launch.sourceMaps.description": "Verwendet JavaScript-Quellzuordnungen.",
	"extensionHost.launch.config.name": "Extension starten"
}