{
	"extension.description": "Extension de débogueur Visual Studio Code pour Node.js",
	"node.label": "Node.js",
	"smartStep.description": "Automatically step through generated code that cannot be mapped back to the original source.",
	"skipFiles.description": "An array of glob patterns for files to skip when debugging.",
	"outFiles.description": "If source maps are enabled, these glob patterns specify the generated JavaScript files. If a pattern starts with '!' the files are excluded. If not specified, the generated code is expected in the same directory as its source.",
	"outDir.deprecationMessage": "Attribute 'outDir' is deprecated, use 'outFiles' instead.",
	"launch.args.description": "Command line arguments passed to the program.",
	"node.sourceMaps.description": "Utilisez des mappages de sources JavaScript (s'ils existent)",
	"node.stopOnEntry.description": "Arrêtez automatiquement le programme après le lancement.",
	"node.port.description": "Port de débogage auquel effectuer l'attachement. La valeur par défaut est 5858.",
	"node.address.description": "Adresse TCP/IP du port de débogage (pour Node.js >= 5.0 uniquement). La valeur par défaut est 'localhost'.",
	"node.timeout.description": "Réessayez de vous connecter à Node.js pendant le nombre de millisecondes spécifié. La valeur par défaut est 10 000 ms.",
	"node.launch.program.description": "Chemin absolu du programme. La valeur générée est déterminée en fonction du fichier package.json et des fichiers ouverts. Modifiez cet attribut.",
	"node.launch.externalConsole.deprecationMessage": "Attribut 'externalConsole' déconseillé, utilisez 'console' à la place.",
	"node.launch.console.description": "Où lancer la cible de débogage : console interne, terminal intégré ou terminal externe.",
	"node.launch.cwd.description": "Chemin absolu du répertoire de travail du programme en cours de débogage.",
	"node.launch.runtimeExecutable.description": "Runtime à utiliser. Chemin absolu ou nom d'un runtime disponible dans PATH. En cas d'omission, 'node' est choisi par défaut.",
	"node.launch.runtimeArgs.description": "Arguments facultatifs passés à l'exécutable du runtime.",
	"node.launch.env.description": "Variables d'environnement passées au programme.",
	"node.launch.envFile.description": "Chemin absolu d'un fichier contenant des définitions de variables d'environnement.",
	"node.launch.config.name": "Lancer",
	"node.attach.processId.description": "ID du processus auquel effectuer la jonction.",
	"node.attach.restart.description": "Redémarrez la session une fois l'exécution de Node.js achevée.",
	"node.attach.localRoot.description": "Racine de la source locale qui correspond à 'remoteRoot'.",
	"node.attach.remoteRoot.description": "Racine source de l'hôte distant.",
	"node.attach.config.name": "Attacher",
	"node.processattach.config.name": "Attacher au processus",
	"node.snippet.launch.label": "Node.js : configuration de lancement",
	"node.snippet.launch.description": "Nouvelle configuration pour le lancement d'un programme de nœud",
	"node.snippet.attach.label": "Node.js : configuration d'attachement",
	"node.snippet.attach.description": "Nouvelle configuration pour l'attachement à un programme de nœud en cours d'exécution",
	"extensionHost.label": "Développement d'extension VS Code",
	"extensionHost.launch.runtimeExecutable.description": "Chemin absolu de VS Code.",
	"extensionHost.launch.stopOnEntry.description": "Arrêtez automatiquement l'hôte d'extension après le lancement.",
	"extensionHost.launch.sourceMaps.description": "Utilisez des mappages de sources JavaScript.",
	"extensionHost.launch.config.name": "Lancer l'extension"
}