{
	"extension.description": "Estensione del debugger di Visual Studio Code per Node.js",
	"node.label": "Node.js",
	"smartStep.description": "Automatically step through generated code that cannot be mapped back to the original source.",
	"skipFiles.description": "An array of glob patterns for files to skip when debugging.",
	"outFiles.description": "If source maps are enabled, these glob patterns specify the generated JavaScript files. If a pattern starts with '!' the files are excluded. If not specified, the generated code is expected in the same directory as its source.",
	"outDir.deprecationMessage": "Attribute 'outDir' is deprecated, use 'outFiles' instead.",
	"launch.args.description": "Command line arguments passed to the program.",
	"node.sourceMaps.description": "Usa i mapping di origine JavaScript (se esistenti).",
	"node.stopOnEntry.description": "Arresta automaticamente il programma dopo l'avvio.",
	"node.port.description": "Porta di debug a cui connettersi. Il valore predefinito è 5858.",
	"node.address.description": "Indirizzo TCP/IP della porta di debug (solo per Node.js >= 5.0). Il valore predefinito è 'localhost'.",
	"node.timeout.description": "Numero di millisecondi in cui vengono effettuati i tentativi di connessione a Node.js. Il valore predefinito è 10000 ms.",
	"node.launch.program.description": "Percorso assoluto del programma. Per ipotizzare il valore generato, esaminare package.json e i file aperti. Modificare questo attributo.",
	"node.launch.externalConsole.deprecationMessage": "L'attributo 'externalConsole' è deprecato. Usare 'console'.",
	"node.launch.console.description": "Indica dove avviare la destinazione di debug: console interna, terminale integrato o terminale esterno.",
	"node.launch.cwd.description": "Percorso assoluto della directory di lavoro del programma di cui eseguire il debug.",
	"node.launch.runtimeExecutable.description": "Runtime da usare. Corrisponde a un percorso assoluto o al nome di un runtime disponibile in PATH. Se viene omesso, si presuppone che sia 'node'.",
	"node.launch.runtimeArgs.description": "Argomenti facoltativi passati all'eseguibile del runtime.",
	"node.launch.env.description": "Variabili di ambiente passate al programma.",
	"node.launch.envFile.description": "Percorso assoluto di un file che contiene le definizioni delle variabili di ambiente.",
	"node.launch.config.name": "Launch",
	"node.attach.processId.description": "ID del processo a cui collegarsi.",
	"node.attach.restart.description": "Riavvia la sessione dopo la chiusura di Node.js.",
	"node.attach.localRoot.description": "Radice di origine locale che corrisponde a 'remoteRoot'.",
	"node.attach.remoteRoot.description": "Radice di origine dell'host remoto.",
	"node.attach.config.name": "Attach",
	"node.processattach.config.name": "Collega a processo",
	"node.snippet.launch.label": "Node.js: configurazione di avvio",
	"node.snippet.launch.description": "Nuova configurazione per l'avvio di un programma Node",
	"node.snippet.attach.label": "Node.js: configurazione di collegamento",
	"node.snippet.attach.description": "Nuova configurazione per il collegamento a un programma Node in esecuzione",
	"extensionHost.label": "Sviluppo di estensioni per Visual Studio Code",
	"extensionHost.launch.runtimeExecutable.description": "Percorso assoluto di Visual Studio Code.",
	"extensionHost.launch.stopOnEntry.description": "Arresta automaticamente l'host dell'estensione dopo l'avvio.",
	"extensionHost.launch.sourceMaps.description": "Usa i mapping di origine JavaScript.",
	"extensionHost.launch.config.name": "Avvia estensione"
}